row_id,invoice_type,invoice_date,customer_code,customer_name,order_code,account_detail,subtotal,tax,total_amount
1.0,فاکتور فروش,1403/01/15,09/083,سازه پویش,سازه پویش - 28939,402J/01013,590632090.4,59063209.0,649695299.4
2.0,فاکتور فروش,1403/01/20,09/083,سازه پویش,سازه پویش - 28939,402J/01013,457742182.8,45774218.3,503516401.1
3.0,فاکتور فروش,1403/01/26,09/083,سازه پویش,سازه پویش - 28939,402J/01013,197973768.0,19797376.8,217771144.8
4.0,فاکتور فروش,1403/01/28,09/083,سازه پویش,سازه پویش - 28939,402J/01013,398780734.6,39878073.5,438658808.1
5.0,فاکتور فروش,1403/01/29,09/164,باسط پژوه تهران,باسط پژوه  - 28751,402J/01043,90186800.0,9018680.0,100107348.0
6.0,فاکتور فروش,1403/01/29,09/552,نیکو الکترونیک پیشرو,نیکو الکترونیک پیشرو - 28969,N10068,887400000.0,88740000.0,976140000.0
7.0,فاکتور فروش,1403/01/29,09/164,باسط پژوه تهران,باسط پژوه  - 28747,402J/01043,149689050.0,14968905.0,166154845.5
8.0,فاکتور فروش,1403/01/30,09/588,صنعت سازه سیم پویش,صنعت سازه سیم پویش - 810,402J/01082,3000000.0,300000.0,3300000.0
9.0,فاکتور فروش,1403/01/30,09/083,سازه پویش,سازه پویش - 28990,402J/01083,133402500.0,13340250.0,146742750.0
10.0,فاکتور فروش,1403/01/30,09/588,صنعت سازه سیم پویش,صنعت سازه سیم پویش - 28988,402J/01082,3780655.0,378065.5,4158720.5
11.0,فاکتور فروش,1403/01/31,09/083,سازه پویش,سازه پویش - 28990,402J/01083,119022750.0,11902275.0,130925025.0
12.0,فاکتور فروش,1403/02/02,09/566,آنیک الکترونیک کویر یزد,آنیک الکترونیک کویر یزد - ‏_x001F_28937,10883,286617921.7,28661792.2,315279713.9
13.0,فاکتور فروش,1403/02/03,09/094,شیوا امواج,شیوا امواج - ‏_x001F_28864,402J/01048,278965300.0,27896530.0,306861830.0
14.0,فاکتور فروش,1403/02/03,09/094,شیوا امواج,شیوا امواج - ‏_x001F_28869,402J/01048,518449000.0,51844900.0,570293900.0
15.0,فاکتور فروش,1403/02/03,09/094,شیوا امواج,شیوا امواج - 28862,402J/01048,34464085.8,3446408.6,37910494.4
16.0,فاکتور فروش,1403/02/03,09/094,شیوا امواج,شیوا امواج - ‏_x001F_28871,402J/01048,85091028.5,8509102.8,93600131.3
17.0,فاکتور فروش,1403/02/03,09/094,شیوا امواج,شیوا امواج - ‏_x001F_28886,402J/01048,299565000.0,29956500.0,329521500.0
18.0,فاکتور فروش,1403/02/03,09/094,شیوا امواج,شیوا امواج - 28901,402J/01048,364415410.2,36441541.0,400856951.2
19.0,فاکتور فروش,1403/02/05,09/460,مهندسی مرصوص کام,مرصوص کام - ‏_x001F_28963,402J/01074,26951100.0,2695110.0,30686210.0
20.0,فاکتور فروش,1403/02/05,09/083,سازه پویش,سازه پویش - ‏_x001F_28994,402J/01083,45551520.0,4555152.0,50106672.0
21.0,فاکتور فروش,1403/02/06,09/083,سازه پویش,سازه پویش - ‏_x001F_28994,402J/01083,45551520.0,4555152.0,50106672.0
22.0,فاکتور فروش,1403/02/06,09/089,مهندسی مهاران,مهندسی مهاران - ‏_x001F_28821,402J/01050,91443624.8,9144362.5,100587987.3
23.0,فاکتور فروش,1403/02/06,09/089,مهندسی مهاران,مهندسی مهاران - ‏_x001F_28826,402J/01050,209118507.8,20911850.8,230030358.6
24.0,فاکتور فروش,1403/02/07,09/083,سازه پویش,سازه پویش - ‏_x001F_28994,402J/01083,45551520.0,4555152.0,50106672.0
25.0,فاکتور فروش,1403/02/08,09/083,سازه پویش,سازه پویش - 28990,402J/01083,487528984.4,48752898.5,536281882.9
26.0,فاکتور فروش,1403/02/09,09/083,سازه پویش,سازه پویش - ‏_x001F_28994,402J/01083,129911040.0,12991104.0,142902144.0
27.0,فاکتور فروش,1403/02/10,09/566,آنیک الکترونیک کویر یزد,آنیک الکترونیک کویر یزد - 28914,10883,3340458.0,334045.8,3674503.8
28.0,فاکتور فروش,1403/02/11,09/083,سازه پویش,سازه پویش - ‏_x001F_28994,402J/01083,133314115.2,13331411.5,146645526.7
29.0,فاکتور فروش,1403/02/11,09/083,سازه پویش,سازه پویش - 28983,402J/01083,13935290.0,1393529.0,15328819.0
30.0,فاکتور فروش,1403/02/13,09/083,سازه پویش,سازه پویش - 28983,402J/01083,26616403.9,2661640.4,29278044.3
31.0,فاکتور فروش,1403/02/16,09/243,تابا الکترونیک,تابا الکترونیک  - 28972,402J/01077,363591103.2,36359110.3,403586124.5
32.0,فاکتور فروش,1403/02/16,09/243,تابا الکترونیک,تابا الکترونیک  - ‏_x001F_28974,402J/01077,354737334.0,35473733.4,393758440.7
33.0,فاکتور فروش,1403/02/16,09/113,کاوندیش سیستم,کاوندیش سیستم - ‏_x001F_28980,402J/01078,28087261.0,2808726.1,30895987.1
34.0,فاکتور فروش,1403/02/16,09/083,سازه پویش,سازه پویش - ‏_x001F_28994,402J/01083,45551520.0,4555152.0,50106672.0
35.0,فاکتور فروش,1403/02/16,09/243,تابا الکترونیک,تابا الکترونیک  - ‏_x001F_28976,402J/01077,605681880.0,60568188.0,672306886.8
36.0,فاکتور فروش,1403/02/17,09/083,سازه پویش,سازه پویش - ‏_x001F_28994,402J/01083,216660360.0,21666036.0,238326396.0
37.0,فاکتور فروش,1403/02/17,09/590,آقای بیعتی,فروزش پخش - 28970,402J/01076,235000000.0,23500000.0,258500000.0
38.0,فاکتور فروش,1403/02/17,09/089,مهندسی مهاران,مهندسی مهاران - ‏_x001F_28826,402J/01050,10474012.8,1047401.3,11521414.1
39.0,فاکتور فروش,1403/02/18,09/083,سازه پویش,سازه پویش - ‏_x001F_28997,402J/01083,141984485.7,14198448.6,156182934.3
40.0,فاکتور فروش,1403/02/18,09/113,کاوندیش سیستم,کاوندیش سیستم - ‏_x001F_28981,402J/01078,71364574.6,7136457.5,78501032.1
41.0,فاکتور فروش,1403/02/19,09/113,کاوندیش سیستم,کاوندیش سیستم - ‏_x001F_28978,402J/01078,81752274.9,8175227.4,89927502.3
42.0,فاکتور فروش,1403/02/19,09/489,الکترونیک کاران,الکترونیک کاران - ‏_x001F_28986,402J/01079,10250000.0,1025000.0,11525000.0
43.0,فاکتور فروش,1403/02/19,09/243,تابا الکترونیک,تابا الکترونیک  - 28920,402J/01067,67463200.0,6746320.0,74884152.0
44.0,فاکتور فروش,1403/02/19,09/083,سازه پویش,سازه پویش - ‏_x001F_28994,402J/01083,55306223.0,5530622.3,60836845.3
45.0,فاکتور فروش,1403/02/20,09/083,سازه پویش,سازه پویش - 28993,402J/01083,576641453.3,57664145.3,634305598.6
46.0,فاکتور فروش,1403/02/23,09/552,نیکو الکترونیک پیشرو,نیکو الکترونیک پیشرو - ‏_x001F_28965,402N/03/012,170353000.0,17035300.0,187388300.0
47.0,فاکتور فروش,1403/02/23,09/566,آنیک الکترونیک کویر یزد,آنیک الکترونیک کویر یزد - 28989,10883,9018870.0,901887.0,9920757.0
48.0,فاکتور فروش,1403/02/24,09/013,صنایع تولیدی کروز,صنغت تولیدی کروز - 29008,403J/01090,8731144.0,873114.4,9604258.4
49.0,فاکتور فروش,1403/02/24,09/101,افزار آزما,افزار آزما - 28987,1402J/01081,384405000.0,38440500.0,422845500.0
50.0,فاکتور فروش,1403/02/25,09/489,الکترونیک کاران,الکترونیک کاران - 28982,402J/01079,450024500.0,45002450.0,499527195.0
51.0,فاکتور فروش,1403/02/26,09/489,الکترونیک کاران,الکترونیک کاران - 28984,402J/01079,260939000.0,26093900.0,289642290.0
52.0,فاکتور فروش,1403/02/27,09/083,سازه پویش,سازه پویش - ‏_x001F_28998,402J/01083,1048130873.7,104813087.4,1152943961.1
53.0,فاکتور فروش,1403/02/29,09/083,سازه پویش,سازه پویش - 29007,402J/01089,2465170.4,246517.0,2711687.4
54.0,فاکتور فروش,1403/02/30,09/094,شیوا امواج,شیوا امواج - ‏_x001F_28878,402J/01048,320621000.0,32062100.0,352683100.0
55.0,فاکتور فروش,1403/02/30,09/094,شیوا امواج,شیوا امواج - ‏_x001F_28877,402J/01048,505991589.8,50599159.0,556590748.8
56.0,فاکتور فروش,1403/02/30,09/094,شیوا امواج,شیوا امواج - 28885,402J/01048,185689215.0,18568921.5,204258136.5
57.0,فاکتور فروش,1403/02/30,09/083,سازه پویش,سازه پویش - ‏_x001F_28997,402J/01083,348352054.8,34835205.5,383187260.3
58.0,فاکتور فروش,1403/02/31,09/083,سازه پویش,سازه پویش - ‏_x001F_28997,402J/01083,304963950.0,30496395.0,335460345.0
59.0,فاکتور فروش,1403/03/01,09/591,شرکت ادنیس الکترونیک ,شرکت آدنیس الکترونیک - 28921,402J/01068,33378000.0,3337800.0,37049580.0
60.0,فاکتور فروش,1403/03/01,09/083,سازه پویش,سازه پویش - 811,402J/01083,9000000.0,900000.0,9900000.0
61.0,فاکتور فروش,1403/03/01,09/083,سازه پویش,سازه پویش - ‏_x001F_28997,402J/01083,468631269.0,46863126.9,515494395.9
62.0,فاکتور فروش,1403/03/05,09/083,سازه پویش,سازه پویش - ‏_x001F_28996,402J/01083,283701304.6,28370130.5,312071435.1
63.0,فاکتور فروش,1403/03/08,09/083,سازه پویش,سازه پویش - ‏_x001F_28996,402J/01083,4093794.0,409379.4,4503173.4
64.0,فاکتور فروش,1403/03/08,09/094,شیوا امواج,شیوا امواج - 28867,402J/01048,140006208.6,14000620.9,154006829.5
65.0,فاکتور فروش,1403/03/08,09/094,شیوا امواج,شیوا امواج - ‏_x001F_28927,402J/01048,800112556.9,80011255.7,880123812.6
66.0,فاکتور فروش,1403/03/08,09/083,سازه پویش,سازه پویش - ‏_x001F_28996,402J/01083,91103040.0,9110304.0,100213344.0
67.0,فاکتور فروش,1403/03/08,09/083,سازه پویش,سازه پویش - 29033,402J/01083,98694960.0,9869496.0,108564456.0
68.0,فاکتور فروش,1403/03/09,09/083,سازه پویش,سازه پویش - 29033,402J/01083,189798000.0,18979800.0,208777800.0
69.0,فاکتور فروش,1403/03/10,09/083,سازه پویش,سازه پویش - ‏_x001F_28997,402J/01083,101654650.0,10165465.0,111820115.0
70.0,فاکتور فروش,1403/03/12,09/243,تابا الکترونیک,تابا الکترونیک  - ‏_x001F_28974,402J/01077,655088086.0,65508808.6,720596894.6
71.0,فاکتور فروش,1403/03/12,09/243,تابا الکترونیک,تابا الکترونیک  - ‏_x001F_28976,402J/01077,354217120.0,35421712.0,389638832.0
72.0,فاکتور فروش,1403/03/12,09/083,سازه پویش,سازه پویش - 29033,402J/01083,294154910.0,29415491.0,323570401.0
73.0,فاکتور فروش,1403/03/13,09/083,سازه پویش,سازه پویش - ‏_x001F_28997,402J/01083,123002126.5,12300212.7,135302339.2
74.0,فاکتور فروش,1403/03/13,09/083,سازه پویش,سازه پویش - ‏_x001F_29037,403J/01097,4130116.6,413011.7,4543128.3
75.0,فاکتور فروش,1403/03/13,09/083,سازه پویش,سازه پویش - 29042,403J/01097,3089138.0,308913.8,3398051.8
76.0,فاکتور فروش,1403/03/20,09/552,نیکو الکترونیک پیشرو,نیکو الکترونیک پیشرو - 28861,402N/03/010,17353000.0,1735300.0,19088300.0
77.0,فاکتور فروش,1403/03/22,09/083,سازه پویش,سازه پویش - ‏_x001F_29037,403J/01097,5061820.8,506182.1,5568002.9
78.0,فاکتور فروش,1403/03/22,09/083,سازه پویش,سازه پویش - 29047,403J/01097,5186608.0,518660.8,5705268.8
79.0,فاکتور فروش,1403/03/24,09/083,سازه پویش,سازه پویش - 29052,403J/01102,379596000.0,37959600.0,417555600.0
80.0,فاکتور فروش,1403/03/27,09/083,سازه پویش,سازه پویش - 29052,403J/01102,379596000.0,37959600.0,417555600.0
81.0,فاکتور فروش,1403/03/29,09/038,فاراتل,فاراتل  - 29032,403J/01096,225079478.7,22507947.9,249838221.4
82.0,فاکتور فروش,1403/03/29,09/101,افزار آزما,افزار آزما - 29009,402J/01091,118517000.0,11851700.0,130368700.0
83.0,فاکتور فروش,1403/03/29,09/590,آقای بیعتی,فروزش پخش - 29044,403J/01099,466963800.0,46696380.0,513660180.0
84.0,فاکتور فروش,1403/03/30,09/489,الکترونیک کاران,الکترونیک کاران - 28992,402J/01085,320284000.0,32028400.0,352312400.0
85.0,فاکتور فروش,1403/03/30,09/113,کاوندیش سیستم,کاوندیش سیستم - ‏_x001F_28981,402J/01078,15033756.2,1503375.6,16537131.8
86.0,فاکتور فروش,1403/03/30,09/113,کاوندیش سیستم,کاوندیش سیستم - ‏_x001F_28980,402J/01078,25084813.5,2508481.4,27593294.9
87.0,فاکتور فروش,1403/03/31,09/567,نیمه هادی عماد,نیمه هادی عماد - 29064,403J/01104,9505568.0,950556.8,10456124.8
88.0,فاکتور فروش,1403/04/03,09/083,سازه پویش,سازه پویش - 29066,403J/01097,3936807.0,393680.7,4330487.7
89.0,فاکتور فروش,1403/04/03,09/590,آقای بیعتی,فروزش پخش - 29044,403J/01099,3036200.0,303620.0,3339820.0
90.0,فاکتور فروش,1403/04/03,09/083,سازه پویش,سازه پویش - 812,403J/01097,3000000.0,300000.0,3300000.0
91.0,فاکتور فروش,1403/04/03,09/552,نیکو الکترونیک پیشرو,,پروژه عمومی,80629000.0,8062900.0,88691900.0
92.0,فاکتور فروش,1403/04/04,09/567,نیمه هادی عماد,نیمه هادی عماد - 29064,403J/01104,93733632.0,9373363.2,104139387.2
93.0,فاکتور فروش,1403/04/04,09/460,مهندسی مرصوص کام,مرصوص کام - 29070,403J/01105,31687416.8,3168741.7,35356158.5
94.0,فاکتور فروش,1403/04/09,09/460,مهندسی مرصوص کام,مرصوص کام - 29068,403J/01105,93745814.8,9374581.5,104057854.4
95.0,فاکتور فروش,1403/04/09,09/083,سازه پویش,سازه پویش - 814,403J/01097,9000000.0,900000.0,9900000.0
96.0,فاکتور فروش,1403/04/10,09/083,سازه پویش,سازه پویش - 29053,403J/01102,151819650.0,15181965.0,167001615.0
97.0,فاکتور فروش,1403/04/10,09/567,نیمه هادی عماد,نیمه هادی عماد - 29065,403J/01104,73229400.0,7322940.0,81284634.0
98.0,فاکتور فروش,1403/04/11,09/094,شیوا امواج,شیوا امواج - ‏_x001F_29029,403J/01088,663712436.0,66371243.6,730083679.6
99.0,فاکتور فروش,1403/04/11,09/094,شیوا امواج,شیوا امواج - ‏_x001F_28904,402J/01048,424423500.0,42442350.0,466865850.0
100.0,فاکتور فروش,1403/04/11,09/083,سازه پویش,سازه پویش - ‏_x001F_29072,403J/01097,4702256.0,470225.6,5172481.6
101.0,فاکتور فروش,1403/04/11,09/567,نیمه هادی عماد,نیمه هادی عماد - 29065,403J/01104,23042851.2,2304285.1,25577564.8
102.0,فاکتور فروش,1403/04/12,09/552,نیکو الکترونیک پیشرو,نیکو الکترونیک پیشرو - 28859,402N/03/010,4368800.0,436880.0,4805680.0
103.0,فاکتور فروش,1403/04/12,09/083,سازه پویش,سازه پویش - 29053,403J/01102,80970480.0,8097048.0,89067528.0
104.0,فاکتور فروش,1403/04/13,09/094,شیوا امواج,شیوا امواج - ‏_x001F_28887,402J/01048,27314704.0,2731470.4,30046174.4
105.0,فاکتور فروش,1403/04/13,09/083,سازه پویش,سازه پویش - 29053,403J/01102,101213100.0,10121310.0,111334410.0
106.0,فاکتور فروش,1403/04/14,09/083,سازه پویش,سازه پویش - 29053,403J/01102,141698340.0,14169834.0,155868174.0
107.0,فاکتور فروش,1403/04/16,09/083,سازه پویش,سازه پویش - 29053,403J/01102,101213100.0,10121310.0,111334410.0
108.0,فاکتور فروش,1403/04/17,09/083,سازه پویش,سازه پویش - 29053,403J/01102,202426200.0,20242620.0,222668820.0
109.0,فاکتور فروش,1403/04/18,09/083,سازه پویش,سازه پویش - 29053,403J/01102,202426200.0,20242620.0,222668820.0
110.0,فاکتور فروش,1403/04/19,09/083,سازه پویش,سازه پویش - 29053,403J/01102,131577030.0,13157703.0,144734733.0
111.0,فاکتور فروش,1403/04/20,09/083,سازه پویش,سازه پویش - 29053,403J/01102,101213100.0,10121310.0,111334410.0
112.0,فاکتور فروش,1403/04/24,09/083,سازه پویش,سازه پویش - 29053,403J/01102,404852400.0,40485240.0,445337640.0
113.0,فاکتور فروش,1403/04/24,09/083,سازه پویش,سازه پویش - 29056,403J/01102,1018989570.0,101898957.0,1120888527.0
114.0,فاکتور فروش,1403/04/24,09/083,سازه پویش,سازه پویش - 29054,403J/01102,769392500.0,76939250.0,846331750.0
115.0,فاکتور فروش,1403/04/24,09/094,شیوا امواج,شیوا امواج - 28930,402J/01048,612184000.0,61218400.0,673402400.0
116.0,فاکتور فروش,1403/04/24,09/094,شیوا امواج,شیوا امواج - 28935,402J/01048,440029268.7,44002926.9,484032195.6
117.0,فاکتور فروش,1403/04/24,09/094,شیوا امواج,شیوا امواج - ‏_x001F_29026,403J/01088,544197000.0,54419700.0,598616700.0
118.0,فاکتور فروش,1403/04/24,09/094,شیوا امواج,شیوا امواج - ‏_x001F_28870,402J/01048,619880000.0,61988000.0,681868000.0
119.0,فاکتور فروش,1403/04/30,09/083,سازه پویش,سازه پویش - 29053,403J/01102,202426200.0,20242620.0,222668820.0
120.0,فاکتور فروش,1403/04/31,09/083,سازه پویش,سازه پویش - 29060,403J/01102,1293866055.0,129386605.5,1423252660.5
121.0,فاکتور فروش,1403/05/02,09/083,سازه پویش,سازه پویش - 29060,403J/01102,319934893.5,31993489.3,351928382.8
122.0,فاکتور فروش,1403/05/02,09/089,مهندسی مهاران,مهندسی مهاران - 29081,403J/01107,4246363.0,424636.3,4670999.3
123.0,فاکتور فروش,1403/05/02,09/552,نیکو الکترونیک پیشرو,,پروژه عمومی,88941000.0,8894100.0,97835100.0
124.0,فاکتور فروش,1403/05/02,09/083,سازه پویش,سازه پویش - 29060,403J/01102,434185406.8,43418540.6,477603947.4
125.0,فاکتور فروش,1403/05/03,09/083,سازه پویش,سازه پویش - ‏_x001F_29103,403J/01114,4378495.0,437849.5,4816344.5
126.0,فاکتور فروش,1403/05/03,09/083,سازه پویش,سازه پویش - 817,403J/01114,3000000.0,300000.0,3300000.0
127.0,فاکتور فروش,1403/05/03,09/083,سازه پویش,سازه پویش - 29058,403J/01102,183306946.8,18330694.7,201637641.5
128.0,فاکتور فروش,1403/05/04,09/083,سازه پویش,سازه پویش - 818,403J/01114,3000000.0,300000.0,3300000.0
129.0,فاکتور فروش,1403/05/04,09/567,نیمه هادی عماد,نیمه هادی عماد - 29084,403J/01109,111570048.8,11157004.9,123703445.7
130.0,فاکتور فروش,1403/05/04,09/083,سازه پویش,سازه پویش - 29145,403J/01114,4419925.0,441992.5,4861917.5
131.0,فاکتور فروش,1403/05/06,09/038,فاراتل,فاراتل  - 29109,403J/01112,6827402.8,682740.3,7760143.1
132.0,فاکتور فروش,1403/05/06,09/038,فاراتل,فاراتل  - ‏_x001F_29076,403J/01106,68578400.0,6857840.0,76122024.0
133.0,فاکتور فروش,1403/05/10,09/552,نیکو الکترونیک پیشرو,نیکو الکترونیک پیشرو - ‏_x001F_28966,402N/03/012,127983000.0,12798300.0,140781300.0
134.0,فاکتور فروش,1403/05/10,09/038,فاراتل,فاراتل  - 29075,403J/01106,346048252.0,34604825.2,384316469.7
135.0,فاکتور فروش,1403/05/14,09/083,سازه پویش,سازه پویش - ‏_x001F_29100,403J/01114,6083056.0,608305.6,6691361.6
136.0,فاکتور فروش,1403/05/14,09/083,سازه پویش,سازه پویش - ‏_x001F_29104,403J/01114,5190163.6,519016.4,5709180.0
137.0,فاکتور فروش,1403/05/14,09/083,سازه پویش,سازه پویش - ‏_x001F_29101,403J/01114,4834439.6,483444.0,5317883.6
138.0,فاکتور فروش,1403/05/15,09/038,فاراتل,فاراتل  - ‏_x001F_29079,403J/01106,86280079.0,8628007.9,95770887.7
139.0,فاکتور فروش,1403/05/16,09/038,فاراتل,فاراتل  - ‏_x001F_29078,403J/01106,36847871.6,3684787.2,40901137.5
140.0,فاکتور فروش,1403/05/17,09/038,فاراتل,فاراتل  - 29142,403J/01112,9888208.0,988820.8,12625799.8
141.0,فاکتور فروش,1403/05/17,09/083,سازه پویش,سازه پویش - 29144,403J/01114,2461592.0,246159.2,2707751.2
142.0,فاکتور فروش,1403/05/20,09/094,شیوا امواج,شیوا امواج - ‏_x001F_29020,403J/01088,854069874.8,85406987.5,939476862.3
143.0,فاکتور فروش,1403/05/21,09/094,شیوا امواج,شیوا امواج - 28935,402J/01048,9008249.4,900824.9,9909074.3
144.0,فاکتور فروش,1403/05/22,09/243,تابا الکترونیک,تابا الکترونیک  - 29163,403J/01117,4610260.0,461026.0,5071286.0
145.0,فاکتور فروش,1403/05/27,09/083,سازه پویش,سازه پویش - 29061,403J/01102,78547950.0,7854795.0,86402745.0
146.0,فاکتور فروش,1403/05/28,09/083,سازه پویش,سازه پویش - 29061,403J/01102,235643850.0,23564385.0,259208235.0
147.0,فاکتور فروش,1403/05/31,09/083,سازه پویش,سازه پویش - 29061,403J/01102,235643850.0,23564385.0,259208235.0
148.0,فاکتور فروش,1403/05/31,09/083,سازه پویش,سازه پویش - 29055,403J/01102,90368850.0,9036885.0,99405735.0
149.0,فاکتور فروش,1403/06/01,09/083,سازه پویش,سازه پویش - 29061,403J/01102,271106550.0,27110655.0,298217205.0
150.0,فاکتور فروش,1403/06/01,09/083,سازه پویش,سازه پویش - 29061,403J/01102,62838360.0,6283836.0,69122196.0
151.0,فاکتور فروش,1403/06/05,09/567,نیمه هادی عماد,نیمه هادی عماد - 29141,403J/01116,202939200.0,20293920.0,223233120.0
152.0,فاکتور فروش,1403/06/05,09/083,سازه پویش,سازه پویش - 29055,403J/01102,180737700.0,18073770.0,198811470.0
153.0,فاکتور فروش,1403/06/06,09/083,سازه پویش,سازه پویش - 29055,403J/01102,361475400.0,36147540.0,397622940.0
154.0,فاکتور فروش,1403/06/06,09/567,نیمه هادی عماد,نیمه هادی عماد - 29141,403J/01116,100069600.0,10006960.0,113106648.0
155.0,فاکتور فروش,1403/06/07,09/083,سازه پویش,سازه پویش - 29055,403J/01102,361475400.0,36147540.0,397622940.0
156.0,فاکتور فروش,1403/06/07,09/588,صنعت سازه سیم پویش,صنعت سازه سیم پویش - 29197,403J/01122,2890358.0,289035.8,3179393.8
157.0,فاکتور فروش,1403/06/07,09/489,الکترونیک کاران,الکترونیک کاران - 29086,403J/01110,215502000.0,21550200.0,237052200.0
158.0,فاکتور فروش,1403/06/08,09/083,سازه پویش,سازه پویش - 29055,403J/01102,356053269.0,35605326.9,391658595.9
159.0,فاکتور فروش,1403/06/08,09/094,شیوا امواج,شیوا امواج - ‏_x001F_29025,402J/01048,223936800.2,22393680.0,246330480.2
160.0,فاکتور فروش,1403/06/08,09/094,شیوا امواج,شیوا امواج - ‏_x001F_29147,403J/01088,386012000.0,38601200.0,424613200.0
161.0,فاکتور فروش,1403/06/08,09/083,سازه پویش,سازه پویش - 820,403J/01114,5150131.0,515013.1,5665144.1
162.0,فاکتور فروش,1403/06/08,09/083,سازه پویش,سازه پویش - 821,403J/01114,9000000.0,900000.0,9900000.0
163.0,فاکتور فروش,1403/06/08,09/094,شیوا امواج,شیوا امواج - ‏_x001F_29152,403J/01103,138947644.6,13894764.5,152842409.1
164.0,فاکتور فروش,1403/06/09,09/083,سازه پویش,سازه پویش - 29057,403J/01102,2096507760.0,209650776.0,2306158536.0
165.0,فاکتور فروش,1403/06/10,09/083,سازه پویش,سازه پویش - 29055,403J/01102,366897531.0,36689753.1,403587284.1
166.0,فاکتور فروش,1403/06/11,09/083,سازه پویش,سازه پویش - 29055,403J/01102,271106550.0,27110655.0,298217205.0
167.0,فاکتور فروش,1403/06/12,09/552,نیکو الکترونیک پیشرو,,پروژه عمومی,109090909.1,10909090.9,120000000.0
168.0,فاکتور فروش,1403/06/12,09/083,سازه پویش,سازه پویش - 29055,403J/01102,180737700.0,18073770.0,198811470.0
169.0,فاکتور فروش,1403/06/13,09/083,سازه پویش,سازه پویش - 29055,403J/01102,180737700.0,18073770.0,198811470.0
170.0,فاکتور فروش,1403/06/14,09/083,سازه پویش,سازه پویش - 29061,403J/01102,57497099.4,5749709.9,63246809.3
171.0,فاکتور فروش,1403/06/14,09/083,سازه پویش,سازه پویش - 29055,403J/01102,260262288.0,26026228.8,286288516.8
172.0,فاکتور فروش,1403/06/16,09/590,آقای بیعتی,فروزش پخش - 29170,403J/01099,235000000.0,23500000.0,258500000.0
173.0,فاکتور فروش,1403/06/16,09/083,سازه پویش,سازه پویش - 29055,403J/01102,271106550.0,27110655.0,298217205.0
174.0,فاکتور فروش,1403/06/16,09/243,تابا الکترونیک,تابا الکترونیک  - ‏_x001F_29167,403J/01117,121951033.0,12195103.3,135365646.6
175.0,فاکتور فروش,1403/06/16,09/038,فاراتل,فاراتل  - ‏_x001F_29079,403J/01106,5098669.0,509866.9,5608535.9
176.0,فاکتور فروش,1403/06/17,09/083,سازه پویش,سازه پویش - 29055,403J/01102,271106550.0,27110655.0,298217205.0
177.0,فاکتور فروش,1403/06/18,09/038,فاراتل,فاراتل  - 29183,403J/01112,5432731.6,543273.2,6226004.8
178.0,فاکتور فروش,1403/06/19,09/094,شیوا امواج,شیوا امواج - 29018,403J/01088,184995800.0,18499580.0,203495380.0
179.0,فاکتور فروش,1403/06/21,09/038,فاراتل,فاراتل  - ‏_x001F_29093,403J/01112,75194740.0,7519474.0,83466161.4
180.0,فاکتور فروش,1403/06/21,09/083,سازه پویش,سازه پویش - 29059,403J/01102,1511216161.2,151121616.1,1662337777.3
181.0,فاکتور فروش,1403/06/22,09/243,تابا الکترونیک,تابا الکترونیک  - 29163,403J/01117,93888501.0,9388850.1,106368651.1
182.0,فاکتور فروش,1403/06/22,09/489,الکترونیک کاران,الکترونیک کاران - 29212,402J/01049,550517500.0,55051750.0,611074425.0
183.0,فاکتور فروش,1403/06/22,09/083,سازه پویش,سازه پویش - 29194,403J/01114,80202220.0,8020222.0,88222442.0
184.0,فاکتور فروش,1403/06/31,09/552,نیکو الکترونیک پیشرو,,پروژه عمومی,5663000.0,566300.0,6229300.0
185.0,فاکتور فروش,1403/06/31,09/083,سازه پویش,سازه پویش - 819,403J/01114,3000000.0,300000.0,3300000.0
186.0,فاکتور فروش,1403/07/02,09/083,سازه پویش,سازه پویش - 29055,403J/01102,135914750.4,13591475.0,149506225.4
187.0,فاکتور فروش,1403/07/03,09/083,سازه پویش,سازه پویش - 29055,403J/01102,271106550.0,27110655.0,298217205.0
188.0,فاکتور فروش,1403/07/04,09/083,سازه پویش,سازه پویش - 29055,403J/01102,271106550.0,27110655.0,298217205.0
189.0,فاکتور فروش,1403/07/05,09/083,سازه پویش,سازه پویش - 29055,403J/01102,216885240.0,21688524.0,238573764.0
190.0,فاکتور فروش,1403/07/05,09/038,فاراتل,فاراتل  - 29089,403J/01112,93983590.0,9398359.0,103631949.0
191.0,فاکتور فروش,1403/07/07,09/083,سازه پویش,سازه پویش - 29055,403J/01102,271106550.0,27110655.0,298217205.0
192.0,فاکتور فروش,1403/07/08,09/094,شیوا امواج,شیوا امواج - 29018,403J/01088,98479893.6,9847989.4,108327883.0
193.0,فاکتور فروش,1403/07/09,09/083,سازه پویش,سازه پویش - 29055,403J/01102,271106550.0,27110655.0,298217205.0
194.0,فاکتور فروش,1403/07/09,09/089,مهندسی مهاران,مهندسی مهاران - ‏_x001F_29188,403J/01121,23263870.0,2326387.0,25590257.0
195.0,فاکتور فروش,1403/07/09,09/089,مهندسی مهاران,مهندسی مهاران - ‏_x001F_29190,403J/01121,32944766.0,3294476.6,36239242.6
196.0,فاکتور فروش,1403/07/10,09/089,مهندسی مهاران,مهندسی مهاران - ‏_x001F_29192,403J/01121,16850590.0,1685059.0,18535649.0
197.0,فاکتور فروش,1403/07/10,09/083,سازه پویش,سازه پویش - 29055,403J/01102,280504910.4,28050491.0,308555401.4
198.0,فاکتور فروش,1403/07/10,09/038,فاراتل,فاراتل  - ‏_x001F_29090,403J/01112,122356233.6,12235623.4,136313053.5
199.0,فاکتور فروش,1403/07/11,09/083,سازه پویش,سازه پویش - 29059,403J/01102,389273901.6,38927390.2,428201291.8
200.0,فاکتور فروش,1403/07/15,09/094,شیوا امواج,شیوا امواج - ‏_x001F_29112,403J/01103,888556104.0,88855610.4,977411714.4
201.0,فاکتور فروش,1403/07/16,09/552,نیکو الکترونیک پیشرو,نیکو الکترونیک پیشرو - 29225,403N/03/013,2500000.0,250000.0,2750000.0
202.0,فاکتور فروش,1403/07/17,09/094,شیوا امواج,شیوا امواج - ‏_x001F_29123,403J/01103,194164000.0,19416400.0,213580400.0
203.0,فاکتور فروش,1403/07/18,09/083,سازه پویش,سازه پویش - 29240,403J/01114,3198263.9,319826.4,3518090.3
204.0,فاکتور فروش,1403/07/21,09/243,تابا الکترونیک,تابا الکترونیک  - 29165,403J/01117,486980705.0,48698070.5,535678775.5
205.0,فاکتور فروش,1403/07/22,09/243,تابا الکترونیک,تابا الکترونیک  - ‏_x001F_29166,403J/01117,464661600.0,46466160.0,511127760.0
206.0,فاکتور فروش,1403/07/23,09/243,تابا الکترونیک,تابا الکترونیک  - 29163,403J/01117,63985761.0,6398576.1,71024194.7
207.0,فاکتور فروش,1403/07/24,09/552,نیکو الکترونیک پیشرو,نیکو الکترونیک پیشرو - 29264,403N/03/033,37021600.0,3702160.0,40723760.0
208.0,فاکتور فروش,1403/07/24,09/094,شیوا امواج,شیوا امواج - ‏_x001F_29151,403J/01088,113411500.0,11341150.0,124752650.0
209.0,فاکتور فروش,1403/07/24,09/038,فاراتل,فاراتل  - ‏_x001F_29090,403J/01112,49763416.4,4976341.6,55237392.2
210.0,فاکتور فروش,1403/07/24,09/552,نیکو الکترونیک پیشرو,پار صنعت صعود  - 29252,403N/03/031,117850594.0,11785059.4,129635653.4
211.0,فاکتور فروش,1403/07/25,09/113,کاوندیش سیستم,کاوندیش سیستم - ‏_x001F_29202,403J/01123,5653239.5,565323.9,6218563.4
212.0,فاکتور فروش,1403/07/28,09/552,نیکو الکترونیک پیشرو,پار صنعت صعود  - 29252,403N/03/031,11362277.0,1136227.7,12498504.7
213.0,فاکتور فروش,1403/07/29,09/094,شیوا امواج,شیوا امواج - ‏_x001F_29117,403J/01103,674833840.0,67483384.0,742317224.0
214.0,فاکتور فروش,1403/07/29,09/552,نیکو الکترونیک پیشرو,کرمان خودرو - 29199,403N/03/013,2501800000.0,250180000.0,2751980000.0
215.0,فاکتور فروش,1403/07/30,09/552,نیکو الکترونیک پیشرو,نیکو الکترونیک پیشرو - 29236,403N/03/031,353908629.0,35390862.9,389299491.9
216.0,فاکتور فروش,1403/07/30,09/113,کاوندیش سیستم,کاوندیش سیستم - ‏_x001F_29201,403J/01123,41885586.0,4188558.6,46074144.6
217.0,فاکتور فروش,1403/07/30,09/094,شیوا امواج,شیوا امواج - ‏_x001F_29114,402J/01048,689090000.0,68909000.0,757999000.0
218.0,فاکتور فروش,1403/07/30,09/552,نیکو الکترونیک پیشرو,,پروژه عمومی,46960400.0,4696040.0,51656440.0
219.0,فاکتور فروش,1403/08/02,09/243,تابا الکترونیک,تابا الکترونیک  - ‏_x001F_29168,403J/01117,289480000.0,28948000.0,321322800.0
220.0,فاکتور فروش,1403/08/05,09/592,شرکت آرمان الکتریک,آرمان الکترونیک - 29237,403J/01126,6888325.5,688832.6,7577158.1
221.0,فاکتور فروش,1403/08/06,09/113,کاوندیش سیستم,کاوندیش سیستم - ‏_x001F_29204,403J/01123,20938718.0,2093871.8,23032589.8
222.0,فاکتور فروش,1403/08/06,09/083,سازه پویش,سازه پویش - 29239,403J/01114,106182161.5,10618216.2,117050377.7
223.0,فاکتور فروش,1403/08/06,09/089,مهندسی مهاران,مهندسی مهاران - 29187,403J/01121,18389689.0,1838968.9,20228657.9
224.0,فاکتور فروش,1403/08/06,09/083,سازه پویش,سازه پویش - 826,403J/01139,9000000.0,900000.0,10150000.0
225.0,فاکتور فروش,1403/08/08,09/094,شیوا امواج,شیوا امواج - ‏_x001F_29025,402J/01048,659149533.8,65914953.3,725064487.1
226.0,فاکتور فروش,1403/08/08,09/094,شیوا امواج,شیوا امواج - 29110,402J/01048,194696426.8,19469642.7,214166069.5
227.0,فاکتور فروش,1403/08/08,09/094,شیوا امواج,شیوا امواج - ‏_x001F_29127,403J/01103,621939000.0,62193900.0,684132900.0
228.0,فاکتور فروش,1403/08/08,09/094,شیوا امواج,شیوا امواج - ‏_x001F_29025,402J/01048,230635743.0,23063574.3,253699317.3
229.0,فاکتور فروش,1403/08/12,09/113,کاوندیش سیستم,کاوندیش سیستم - 29200,403J/01123,36987524.0,3698752.4,40686276.4
230.0,فاکتور فروش,1403/08/14,09/243,تابا الکترونیک,تابا الکترونیک  - 29253,403J/01130,4923637.6,492363.8,5666001.4
231.0,فاکتور فروش,1403/08/15,09/038,فاراتل,فاراتل  - ‏_x001F_29276,403J/01142,14127840.0,1412784.0,15790624.0
232.0,فاکتور فروش,1403/08/16,09/094,شیوا امواج,شیوا امواج - ‏_x001F_29024,403J/01088,1035986232.3,103598623.2,1139584855.5
233.0,فاکتور فروش,1403/08/16,09/094,شیوا امواج,شیوا امواج - ‏_x001F_29023,403J/01088,723343198.0,72334319.8,795677517.8
234.0,فاکتور فروش,1403/08/16,09/094,شیوا امواج,شیوا امواج - ‏_x001F_29161,403J/01103,1237959027.6,123795902.7,1361754930.3
235.0,فاکتور فروش,1403/08/21,09/038,فاراتل,فاراتل  - ‏_x001F_29271,403J/01142,6662458.0,666245.8,7578703.8
236.0,فاکتور فروش,1403/08/23,09/094,شیوا امواج,شیوا امواج - ‏_x001F_29028,403J/01088,1138355685.8,113835568.5,1252191254.3
237.0,فاکتور فروش,1403/08/26,09/593,شرکت به بران تجارت نیکان,به بران تجارت نیکان - 29247,403J/01128,48128700.0,4812870.0,53422857.0
238.0,فاکتور فروش,1403/08/27,09/083,سازه پویش,سازه پویش - 827,403J/01146,3000000.0,300000.0,3550000.0
239.0,فاکتور فروش,1403/08/27,09/113,کاوندیش سیستم,کاوندیش سیستم - ‏_x001F_29204,403J/01123,132165244.0,13216524.4,145381768.4
240.0,فاکتور فروش,1403/08/27,09/489,الکترونیک کاران,الکترونیک کاران - 29222,403J/01125,173117000.0,17311700.0,192159870.0
241.0,فاکتور فروش,1403/08/28,09/552,نیکو الکترونیک پیشرو,نیکو الکترونیک پیشرو - 29225,403N/03/025,129688000.0,12968800.0,142656800.0
242.0,فاکتور فروش,1403/08/28,09/038,فاراتل,فاراتل  - ‏_x001F_29272,403J/01142,92873875.0,9287387.5,103333270.3
243.0,فاکتور فروش,1403/08/29,09/552,نیکو الکترونیک پیشرو,نیکو الکترونیک پیشرو - 29228,403N/03/025,448920000.0,44892000.0,493812000.0
244.0,فاکتور فروش,1403/08/30,09/038,فاراتل,فاراتل  - ‏_x001F_29283,403J/01142,6097938.0,609793.8,6957731.8
245.0,فاکتور فروش,1403/08/30,09/489,الکترونیک کاران,الکترونیک کاران - 29268,403J/01143,27439000.0,2743900.0,30457290.0
246.0,فاکتور فروش,1403/09/03,09/552,نیکو الکترونیک پیشرو,کرمان خودرو - 29199,403N/03/013,1272100000.0,127210000.0,1399310000.0
247.0,فاکتور فروش,1403/09/03,09/552,نیکو الکترونیک پیشرو,نیکو الکترونیک پیشرو - 29230,403N/03/025,299280000.0,29928000.0,329208000.0
248.0,فاکتور فروش,1403/09/04,09/094,شیوا امواج,شیوا امواج - ‏_x001F_29116,402J/01048,189850400.0,18985040.0,208835440.0
249.0,فاکتور فروش,1403/09/04,09/094,شیوا امواج,شیوا امواج - 29146,403J/01088,36017440.0,3601744.0,39619184.0
250.0,فاکتور فروش,1403/09/04,09/094,شیوا امواج,شیوا امواج - ‏_x001F_29028,403J/01088,648906889.1,64890688.9,713797578.0
251.0,فاکتور فروش,1403/09/04,09/094,شیوا امواج,شیوا امواج - ‏_x001F_29121,403J/01103,356891428.8,35689142.9,392580571.7
252.0,فاکتور فروش,1403/09/04,09/094,شیوا امواج,شیوا امواج - ‏_x001F_29120,403J/01103,74769409.0,7476940.9,82246349.9
253.0,فاکتور فروش,1403/09/04,09/552,نیکو الکترونیک پیشرو,,پروژه عمومی,65956000.0,6595600.0,72551600.0
254.0,فاکتور فروش,1403/09/06,09/038,فاراتل,فاراتل  - ‏_x001F_29284,403J/01142,9007580.0,900758.0,10158338.0
255.0,فاکتور فروش,1403/09/06,09/113,کاوندیش سیستم,کاوندیش سیستم - ‏_x001F_29203,403J/01123,9072264.0,907226.4,9979490.4
256.0,فاکتور فروش,1403/09/07,09/370,شرکت نیما الکترونیک آریا,رایا صنعت - 29293,403J/01144,17576464.5,1757646.5,19834111.0
257.0,فاکتور فروش,1403/09/07,09/370,شرکت نیما الکترونیک آریا,رایا صنعت - 29300,403J/01144,10683310.0,1068331.0,12251641.0
258.0,فاکتور فروش,1403/09/07,09/370,شرکت نیما الکترونیک آریا,رایا صنعت - 29301,403J/01144,8696380.0,869638.0,9816018.0
259.0,فاکتور فروش,1403/09/10,09/370,شرکت نیما الکترونیک آریا,رایا صنعت - 29291,403J/01144,64141843.0,6414184.3,70806027.3
260.0,فاکتور فروش,1403/09/10,09/370,شرکت نیما الکترونیک آریا,رایا صنعت - 29297,403J/01144,19534900.0,1953490.0,21738390.0
261.0,فاکتور فروش,1403/09/10,09/038,فاراتل,فاراتل  - ‏_x001F_29275,403J/01142,12191888.0,1219188.8,13661076.8
262.0,فاکتور فروش,1403/09/12,09/593,شرکت به بران تجارت نیکان,به بران تجارت نیکان - 29247,403J/01128,85057400.0,8505740.0,93563140.0
263.0,فاکتور فروش,1403/09/12,09/094,شیوا امواج,شیوا امواج - ‏_x001F_29113,402J/01048,768274150.0,76827415.0,845101565.0
264.0,فاکتور فروش,1403/09/12,09/094,شیوا امواج,شیوا امواج - ‏_x001F_29130,402J/01048,309966745.0,30996674.5,340963419.5
265.0,فاکتور فروش,1403/09/12,09/094,شیوا امواج,شیوا امواج - ‏_x001F_29122,403J/01103,287248980.2,28724898.1,315973878.3
266.0,فاکتور فروش,1403/09/12,09/094,شیوا امواج,شیوا امواج - ‏_x001F_29132,402J/01048,355507254.0,35550725.4,391057979.4
267.0,فاکتور فروش,1403/09/12,09/094,شیوا امواج,شیوا امواج - ‏_x001F_29126,403J/01103,443641932.8,44364193.3,488006126.1
268.0,فاکتور فروش,1403/09/13,09/593,شرکت به بران تجارت نیکان,به بران تجارت نیکان - 29247,403J/01128,127586100.0,12758610.0,140344710.0
269.0,فاکتور فروش,1403/09/14,09/593,شرکت به بران تجارت نیکان,به بران تجارت نیکان - 29247,403J/01128,85227514.8,8522751.5,93750266.3
270.0,فاکتور فروش,1403/09/19,09/038,فاراتل,فاراتل  - ‏_x001F_29282,403J/01142,113565640.0,11356564.0,126057860.4
271.0,فاکتور فروش,1403/09/19,09/113,کاوندیش سیستم,کاوندیش سیستم - ‏_x001F_29242,403J/01127,80201910.7,8020191.1,88222101.8
272.0,فاکتور فروش,1403/09/20,09/101,افزار آزما,افزار آزما - 29322,403J/01152,10730076.0,1073007.6,12053083.6
273.0,فاکتور فروش,1403/09/21,09/038,فاراتل,فاراتل  - 29305,403J/01148,8079668.0,807966.8,9137634.8
274.0,فاکتور فروش,1403/09/22,09/593,شرکت به بران تجارت نیکان,به بران تجارت نیکان - 29247,403J/01128,51034440.0,5103444.0,56137884.0
275.0,فاکتور فروش,1403/09/25,09/552,نیکو الکترونیک پیشرو,کرمان خودرو - 29199,403N/03/013,1226100000.0,122610000.0,1348710000.0
276.0,فاکتور فروش,1403/09/25,09/089,مهندسی مهاران,مهندسی مهاران - 29331,403J/01156,5649198.4,564919.8,6214118.2
277.0,فاکتور فروش,1403/09/27,09/556,پارس آسمان رو سپند,پارس آسمان روسپند - 29258,403J/01136,30585280.0,3058528.0,33949660.8
278.0,فاکتور فروش,1403/09/27,09/556,پارس آسمان رو سپند,پارس آسمان روسپند - 29259,403J/01136,252514080.0,25251408.0,280337900.5
279.0,فاکتور فروش,1403/09/27,09/556,پارس آسمان رو سپند,پارس آسمان روسپند - 29260,403J/01136,82653417.2,8265341.7,91756460.9
280.0,فاکتور فروش,1403/09/27,09/556,پارس آسمان رو سپند,پارس آسمان روسپند - 29261,403J/01136,21252520.0,2125252.0,23627772.0
281.0,فاکتور فروش,1403/09/27,09/556,پارس آسمان رو سپند,پارس آسمان روسپند - 29262,403J/01136,199826511.9,19982651.2,221808734.6
282.0,فاکتور فروش,1403/09/27,09/038,فاراتل,فاراتل  - ‏_x001F_29273,403J/01142,30964720.0,3096472.0,34370839.2
283.0,فاکتور فروش,1403/09/28,09/094,شیوا امواج,شیوا امواج - ‏_x001F_29135,403J/01103,164721498.6,16472149.9,181193648.5
284.0,فاکتور فروش,1403/09/28,09/094,شیوا امواج,شیوا امواج - ‏_x001F_29157,403J/01103,152632900.0,15263290.0,167896190.0
285.0,فاکتور فروش,1403/09/28,09/094,شیوا امواج,شیوا امواج - ‏_x001F_29136,403J/01103,178648351.4,17864835.1,196513186.5
286.0,فاکتور فروش,1403/09/28,09/094,شیوا امواج,شیوا امواج - ‏_x001F_29129,402J/01048,321166493.6,32116649.4,353283143.0
287.0,فاکتور فروش,1403/09/28,09/552,نیکو الکترونیک پیشرو,نیکو الکترونیک پیشرو - 29229,403N/03/025,778128000.0,77812800.0,855940800.0
288.0,فاکتور فروش,1403/09/28,09/094,شیوا امواج,شیوا امواج - ‏_x001F_29124,403J/01103,270880000.0,27088000.0,297968000.0
289.0,فاکتور فروش,1403/09/28,09/094,شیوا امواج,شیوا امواج - ‏_x001F_29135,403J/01103,627233144.0,62723314.3,689956458.3
290.0,فاکتور فروش,1403/09/28,09/101,افزار آزما,افزار آزما - 29330,403J/01147,26130572.4,2613057.2,28743629.6
291.0,فاکتور فروش,1403/09/28,09/566,آنیک الکترونیک کویر یزد,,پروژه عمومی,2690304890.0,269030489.0,2959335379.0
292.0,فاکتور فروش,1403/09/29,09/038,فاراتل,فاراتل  - ‏_x001F_29277,403J/01142,27707370.0,2770737.0,30755180.7
293.0,فاکتور فروش,1403/09/29,09/113,کاوندیش سیستم,کاوندیش سیستم - 29241,403J/01127,26722970.0,2672297.0,29395267.0
294.0,فاکتور فروش,1403/09/29,09/552,نیکو الکترونیک پیشرو,,پروژه عمومی,55507000.0,5550700.0,61057700.0
295.0,فاکتور فروش,1403/09/29,09/566,آنیک الکترونیک کویر یزد,,پروژه عمومی,2421528010.0,242152801.0,2663680811.0
296.0,فاکتور فروش,1403/10/02,09/588,صنعت سازه سیم پویش,صنعت سازه سیم پویش - 29339,403J/01159,7770685.5,777068.6,8797754.1
297.0,فاکتور فروش,1403/10/03,09/038,فاراتل,فاراتل  - ‏_x001F_29287,403J/01142,186391870.0,18639187.0,206894975.7
298.0,فاکتور فروش,1403/10/03,09/038,فاراتل,فاراتل  - ‏_x001F_29286,403J/01142,23786525.0,2378652.5,26415177.5
299.0,فاکتور فروش,1403/10/04,09/038,فاراتل,فاراتل  - ‏_x001F_29280,403J/01142,29590000.0,2959000.0,32844900.0
300.0,فاکتور فروش,1403/10/05,09/593,شرکت به بران تجارت نیکان,به بران تجارت نیکان - ‏_x001F_29248,403J/01128,100616010.0,10061601.0,114958481.0
301.0,فاکتور فروش,1403/10/09,09/094,شیوا امواج,شیوا امواج - ‏_x001F_29158,403J/01103,251905631.0,25190563.1,277096194.1
302.0,فاکتور فروش,1403/10/09,09/094,شیوا امواج,شیوا امواج - 29169,403J/01088,253657406.2,25365740.7,279023146.9
303.0,فاکتور فروش,1403/10/09,09/094,شیوا امواج,شیوا امواج - ‏_x001F_29154,403J/01103,123020949.8,12302095.0,135323044.8
304.0,فاکتور فروش,1403/10/11,09/101,افزار آزما,افزار آزما - 29267,403J/01141,384605000.0,38460500.0,423065500.0
305.0,فاکتور فروش,1403/10/12,09/038,فاراتل,فاراتل  - ‏_x001F_29285,403J/01142,114344480.0,11434448.0,126922372.8
306.0,فاکتور فروش,1403/10/12,09/489,الکترونیک کاران,الکترونیک کاران - 29333,403J/01157,50834800.0,5083480.0,56426628.0
307.0,فاکتور فروش,1403/10/13,09/566,آنیک الکترونیک کویر یزد,آنیک الکترونیک کویر یزد - 29325,403J/01153,379720200.0,37972020.0,417692220.0
308.0,فاکتور فروش,1403/10/13,09/566,آنیک الکترونیک کویر یزد,آنیک الکترونیک کویر یزد - 29324,403J/01153,226676872.5,22667687.3,249344559.8
309.0,فاکتور فروش,1403/10/13,09/566,آنیک الکترونیک کویر یزد,آنیک الکترونیک کویر یزد - 29323,403J/01153,152663400.0,15266340.0,167929740.0
310.0,فاکتور فروش,1403/10/13,09/370,شرکت نیما الکترونیک آریا,رایا صنعت - 29295,403J/01144,337655731.2,33765573.1,374912606.9
311.0,فاکتور فروش,1403/10/13,09/566,آنیک الکترونیک کویر یزد,آنیک الکترونیک کویر یزد - 29329,403J/01153,79488500.0,7948850.0,87437350.0
312.0,فاکتور فروش,1403/10/13,09/370,شرکت نیما الکترونیک آریا,رایا صنعت - 29297,403J/01144,13843276.0,1384327.6,15477603.6
313.0,فاکتور فروش,1403/10/17,09/038,فاراتل,فاراتل  - ‏_x001F_29274,403J/01142,242076880.0,24207688.0,268705336.8
314.0,فاکتور فروش,1403/10/17,09/489,الکترونیک کاران,الکترونیک کاران - 29334,403J/01157,420914500.0,42091450.0,467215095.0
315.0,فاکتور فروش,1403/10/18,09/094,شیوا امواج,شیوا امواج - ‏_x001F_29122,403J/01103,6817514.4,681751.4,7499265.8
316.0,فاکتور فروش,1403/10/18,09/038,فاراتل,فاراتل  - ‏_x001F_29279,403J/01142,44543368.0,4454336.8,49443138.5
317.0,فاکتور فروش,1403/10/19,09/113,کاوندیش سیستم,کاوندیش سیستم - ‏_x001F_29242,403J/01127,3705834.2,370583.4,4076417.6
318.0,فاکتور فروش,1403/10/20,09/556,پارس آسمان رو سپند,پارس آسمان روسپند - 29260,403J/01136,5974590.9,597459.1,6572050.0
319.0,فاکتور فروش,1403/10/20,09/370,شرکت نیما الکترونیک آریا,رایا صنعت - 29299,403J/01144,95346196.0,9534619.6,105834277.6
320.0,فاکتور فروش,1403/10/20,09/094,شیوا امواج,شیوا امواج - ‏_x001F_29160,403J/01103,980602500.0,98060250.0,1078662750.0
321.0,فاکتور فروش,1403/10/22,09/552,نیکو الکترونیک پیشرو,نیکو الکترونیک پیشرو - 29233,403N/03/025,478850000.0,47885000.0,526735000.0
322.0,فاکتور فروش,1403/10/24,09/552,نیکو الکترونیک پیشرو,نیکو الکترونیک پیشرو - 29232,403N/03/025,169592000.0,16959200.0,186551200.0
323.0,فاکتور فروش,1403/10/26,09/595,توزیع ابزار آروا,توزیع ابزار آروا - 29385,403N/03/030,39669351000.0,3966935100.0,43636286100.0
324.0,فاکتور فروش,1403/10/26,09/489,الکترونیک کاران,الکترونیک کاران - 29332,403J/01157,390306500.0,39030650.0,433240215.0
325.0,فاکتور فروش,1403/10/26,09/489,الکترونیک کاران,الکترونیک کاران - 29343,403J/01161,17462500.0,1746250.0,19458750.0
326.0,فاکتور فروش,1403/10/27,09/038,فاراتل,فاراتل  - ‏_x001F_29281,403J/01142,16292920.0,1629292.0,18172212.0
327.0,فاکتور فروش,1403/10/27,09/566,آنیک الکترونیک کویر یزد,آنیک الکترونیک کویر یزد - 29327,403J/01153,223474458.8,22347445.9,245821904.7
328.0,فاکتور فروش,1403/11/01,09/489,الکترونیک کاران,الکترونیک کاران - 29342,403J/01161,245080000.0,24508000.0,272038800.0
329.0,فاکتور فروش,1403/11/01,09/593,شرکت به بران تجارت نیکان,به بران تجارت نیکان - ‏_x001F_29249,403J/01128,361323835.2,36132383.5,401737088.7
330.0,فاکتور فروش,1403/11/01,09/593,شرکت به بران تجارت نیکان,به بران تجارت نیکان - ‏_x001F_29249,403J/01128,79351700.0,7935170.0,87286870.0
331.0,فاکتور فروش,1403/11/02,09/566,آنیک الکترونیک کویر یزد,آنیک الکترونیک کویر یزد - 29363,403J/01165,92493175.5,9249317.5,101742493.0
332.0,فاکتور فروش,1403/11/02,09/090,نیان الکترونیک,نیان الکترونیک - 29309,403J/01149,55231715.0,5523171.5,60754886.5
333.0,فاکتور فروش,1403/11/02,09/552,نیکو الکترونیک پیشرو,,پروژه عمومی,274452500.0,27445250.0,301897750.0
334.0,فاکتور فروش,1403/11/04,09/552,نیکو الکترونیک پیشرو,نیکو الکترونیک پیشرو - 29231,403N/03/025,598560000.0,59856000.0,658416000.0
335.0,فاکتور فروش,1403/11/06,09/566,آنیک الکترونیک کویر یزد,آنیک الکترونیک کویر یزد - 29358,403J/01165,206810057.2,20681005.7,227491062.9
336.0,فاکتور فروش,1403/11/06,09/038,فاراتل,فاراتل  - ‏_x001F_29288,403J/01142,31137837.6,3113783.8,34606165.7
337.0,فاکتور فروش,1403/11/08,09/596,بیستون کویر یزد,,پروژه عمومی,4167188475.0,416718847.5,4583907322.5
338.0,فاکتور فروش,1403/11/08,09/489,الکترونیک کاران,الکترونیک کاران - 29343,403J/01161,428646000.0,42864600.0,475797060.0
339.0,فاکتور فروش,1403/11/10,09/090,نیان الکترونیک,نیان الکترونیک - 29310,403J/01149,69306640.0,6930664.0,76237304.0
340.0,فاکتور فروش,1403/11/10,09/090,نیان الکترونیک,نیان الکترونیک - 29313,403J/01149,63294865.0,6329486.5,69624351.5
341.0,فاکتور فروش,1403/11/10,09/090,نیان الکترونیک,نیان الکترونیک - 29317,403J/01149,63289080.0,6328908.0,69617988.0
342.0,فاکتور فروش,1403/11/10,09/090,نیان الکترونیک,نیان الکترونیک - 29318,403J/01149,5516050.0,551605.0,6067655.0
343.0,فاکتور فروش,1403/11/10,09/083,سازه پویش,سازه پویش - 829,403J/01173,15988265.0,1598826.5,17837091.5
344.0,فاکتور فروش,1403/11/10,09/552,نیکو الکترونیک پیشرو,,پروژه عمومی,213045000.0,21304500.0,234349500.0
345.0,فاکتور فروش,1403/11/14,09/566,آنیک الکترونیک کویر یزد,آنیک الکترونیک کویر یزد - 29350,403J/01165,118836500.0,11883650.0,130720150.0
346.0,فاکتور فروش,1403/11/15,09/566,آنیک الکترونیک کویر یزد,آنیک الکترونیک کویر یزد - 29362,403J/01165,36739000.0,3673900.0,40412900.0
347.0,فاکتور فروش,1403/11/16,09/566,آنیک الکترونیک کویر یزد,آنیک الکترونیک کویر یزد - 29359,403J/01165,127592000.0,12759200.0,140351200.0
348.0,فاکتور فروش,1403/11/16,09/038,فاراتل,فاراتل  - 29341,403J/01160,25912770.0,2591277.0,28763174.7
349.0,فاکتور فروش,1403/11/16,09/038,فاراتل,فاراتل  - 29340,403J/01160,14001585.0,1400158.5,15651743.5
350.0,فاکتور فروش,1403/11/17,09/566,آنیک الکترونیک کویر یزد,آنیک الکترونیک کویر یزد - 29360,403J/01165,339308600.0,33930860.0,373239460.0
351.0,فاکتور فروش,1403/11/20,09/566,آنیک الکترونیک کویر یزد,آنیک الکترونیک کویر یزد - 29354,403J/01165,320773723.7,32077372.4,352851096.1
352.0,فاکتور فروش,1403/11/23,09/566,آنیک الکترونیک کویر یزد,آنیک الکترونیک کویر یزد - 29355,403J/01165,256928000.0,25692800.0,282620800.0
353.0,فاکتور فروش,1403/11/23,09/090,نیان الکترونیک,نیان الکترونیک - 29311,403J/01149,74001565.0,7400156.5,81401721.5
354.0,فاکتور فروش,1403/11/23,09/090,نیان الکترونیک,نیان الکترونیک - 29308,403J/01149,118970970.0,11897097.0,130868067.0
355.0,فاکتور فروش,1403/11/23,09/090,نیان الکترونیک,نیان الکترونیک - 29315,403J/01149,128033166.8,12803316.7,140836483.5
356.0,فاکتور فروش,1403/11/27,09/083,سازه پویش,سازه پویش - 830,403J/01179,6000000.0,600000.0,6850000.0
357.0,فاکتور فروش,1403/12/04,09/094,شیوا امواج,شیوا امواج - 29376,403J/01154,1013085000.0,101308500.0,1114393500.0
358.0,فاکتور فروش,1403/12/05,09/518,پایا الکترونیک دنیای نوین,,پروژه عمومی,17900000.0,1790000.0,19690000.0
359.0,فاکتور فروش,1403/12/07,09/089,مهندسی مهاران,مهندسی مهاران - 29409,403J/01170,56215693.0,5621569.3,61837262.3
360.0,فاکتور فروش,1403/12/07,09/089,مهندسی مهاران,مهندسی مهاران - 29407,403J/01170,49090140.0,4909014.0,53999154.0
361.0,فاکتور فروش,1403/12/07,09/089,مهندسی مهاران,مهندسی مهاران - 29401,403J/01170,25989412.0,2598941.2,28588353.2
362.0,فاکتور فروش,1403/12/07,09/089,مهندسی مهاران,مهندسی مهاران - 29400,403J/01170,29141130.0,2914113.0,32055243.0
363.0,فاکتور فروش,1403/12/07,09/089,مهندسی مهاران,مهندسی مهاران - 29403,403J/01170,77835849.0,7783584.9,85619433.9
364.0,فاکتور فروش,1403/12/07,09/593,شرکت به بران تجارت نیکان,به بران تجارت نیکان - ‏_x001F_29249,403J/01128,345554373.8,34555437.4,380109811.2
365.0,فاکتور فروش,1403/12/11,09/094,شیوا امواج,شیوا امواج - 29378,403J/01154,94729000.0,9472900.0,104201900.0
366.0,فاکتور فروش,1403/12/11,09/094,شیوا امواج,شیوا امواج - 29365,403J/01154,192583700.0,19258370.0,211842070.0
367.0,فاکتور فروش,1403/12/11,09/094,شیوا امواج,شیوا امواج - 29366,403J/01154,650603400.0,65060340.0,715663740.0
368.0,فاکتور فروش,1403/12/18,09/094,شیوا امواج,شیوا امواج - 29370,403J/01154,243756000.0,24375600.0,268131600.0
369.0,فاکتور فروش,1403/12/18,09/094,شیوا امواج,شیوا امواج - 29373,403J/01154,251992500.0,25199250.0,277191750.0
370.0,فاکتور فروش,1403/12/18,09/094,شیوا امواج,شیوا امواج - 29381,403J/01154,204268500.0,20426850.0,224695350.0
371.0,فاکتور فروش,1403/12/19,09/090,نیان الکترونیک,نیان الکترونیک - 29395,403J/01169,34288854.0,3428885.4,37717739.4
372.0,فاکتور فروش,1403/12/19,09/090,نیان الکترونیک,نیان الکترونیک - 29397,403J/01169,51534290.0,5153429.0,56687719.0
373.0,فاکتور فروش,1403/12/19,09/552,نیکو الکترونیک پیشرو,,پروژه عمومی,6289243198.0,628924319.8,6918167517.8
374.0,فاکتور فروش,1403/12/25,09/552,نیکو الکترونیک پیشرو,,پروژه عمومی,8381750.0,838175.0,9219925.0
375.0,صورت‌حساب برگشت از فروش,1403/12/25,09/595,توزیع ابزار آروا,,پروژه عمومی,-39669351000.0,-3966935100.0,-43636286100.0
376.0,فاکتور فروش,1403/12/25,09/595,توزیع ابزار آروا,,پروژه عمومی,39669351000.0,3966935100.0,43636286100.0
377.0,فاکتور فروش,1403/12/27,09/101,افزار آزما,افزار آزما - 29417,403J/01176,268786700.0,26878670.0,295665370.0
378.0,فاکتور فروش,1403/12/27,09/090,نیان الکترونیک,نیان الکترونیک - 29315,403J/01149,1646533.2,164653.3,1811186.5
379.0,فاکتور فروش,1403/12/27,09/552,نیکو الکترونیک پیشرو,,پروژه عمومی,6919240000.0,691924000.0,7611164000.0
380.0,فاکتور فروش,1404/01/19,09/489,الکترونیک کاران,الکترونیک کاران - 29428,403J/01181,21026500.0,2102650.0,23379150.0
381.0,فاکتور فروش,1404/03/12,09/083,سازه پویش,سازه پویش - 29449,403J/01191,149227366.4,14922736.6,164150103.0
382.0,فاکتور فروش,1404/03/28,09/552,نیکو الکترونیک پیشرو,,پروژه عمومی,11592275000.0,1159227500.0,12751502500.0
383.0,فاکتور فروش,1404/03/30,09/552,نیکو الکترونیک پیشرو,,پروژه عمومی,621580000.0,62158000.0,683738000.0
384.0,فاکتور فروش,1404/04/18,09/094,شیوا امواج,شیوا امواج - 29384,403J/01154,908821104.0,90882110.4,999703214.4
385.0,فاکتور فروش,1404/04/23,09/566,آنیک الکترونیک کویر یزد,آنیک الکترونیک کویر یزد - 29441,403J/01186,176672400.0,17667240.0,194339640.0
386.0,فاکتور فروش,1404/04/26,09/083,سازه پویش,سازه پویش - 29449,403J/01191,123292467.2,12329246.7,135621713.9
387.0,فاکتور فروش,1404/04/26,09/083,سازه پویش,سازه پویش - 29449,403J/01191,31648736.0,3164873.6,34813609.6
388.0,فاکتور فروش,1404/04/27,09/083,سازه پویش,,پروژه عمومی,69902425.6,6990242.6,76892668.2
389.0,فاکتور فروش,1404/04/28,09/094,شیوا امواج,شیوا امواج - 29384,403J/01154,1156591980.0,115659198.0,1272251178.0
390.0,فاکتور فروش,1404/04/28,09/083,سازه پویش,سازه پویش - 833,404J/01205,96322240.2,9632224.0,105954464.2
391.0,فاکتور فروش,1404/04/29,09/083,سازه پویش,سازه پویش - 29449,403J/01191,145859392.0,14585939.2,160445331.2
392.0,فاکتور فروش,1404/04/30,09/083,سازه پویش,سازه پویش - 29449,403J/01191,165123840.0,16512384.0,181636224.0
393.0,فاکتور فروش,1404/04/30,09/566,آنیک الکترونیک کویر یزد,آنیک الکترونیک کویر یزد - 29442,403J/01186,135718000.0,13571800.0,149289800.0
394.0,فاکتور فروش,1404/04/31,09/113,کاوندیش سیستم,کاوندیش سیستم - 29454,403J/01192,45854511.5,4585451.2,50439962.7
395.0,فاکتور فروش,1404/04/31,09/113,کاوندیش سیستم,کاوندیش سیستم - 29418,403J/01177,51661212.0,5166121.2,56827333.2
396.0,فاکتور فروش,1404/04/31,09/083,سازه پویش,سازه پویش - 29449,403J/01191,192644480.0,19264448.0,211908928.0
397.0,فاکتور فروش,1404/04/31,09/113,کاوندیش سیستم,کاوندیش سیستم - 29452,403J/01192,56713544.0,5671354.4,62384898.4
398.0,فاکتور فروش,1404/05/01,09/083,سازه پویش,سازه پویش - 29449,403J/01191,181636224.0,18163622.4,199799846.4
399.0,فاکتور فروش,1404/05/04,09/083,سازه پویش,سازه پویش - 29449,403J/01191,198148608.0,19814860.8,217963468.8
400.0,فاکتور فروش,1404/05/05,09/083,سازه پویش,سازه پویش - 29449,403J/01191,26695020.8,2669502.1,29364522.9
401.0,فاکتور فروش,1404/05/06,09/566,آنیک الکترونیک کویر یزد,آنیک الکترونیک کویر یزد - 29448,403J/01190,223241353.6,22324135.4,245565489.0
402.0,فاکتور فروش,1404/05/22,09/038,فاراتل,فاراتل  - 29416,403J/01175,15456640.0,1545664.0,17252304.0
403.0,فاکتور فروش,1404/05/22,09/038,فاراتل,فاراتل  - 29415,403J/01175,20502710.0,2050271.0,22802981.0
404.0,فاکتور فروش,1404/05/22,09/038,فاراتل,فاراتل  - 29414,403J/01175,8534645.6,853464.6,9638110.2
405.0,فاکتور فروش,1404/05/22,09/038,فاراتل,فاراتل  - 29450,403J/01187,106233800.0,10623380.0,117919518.0
406.0,فاکتور فروش,1404/05/22,09/038,فاراتل,فاراتل  - 29413,403J/01175,10401870.8,1040187.1,11692057.9
407.0,فاکتور فروش,1404/05/22,09/038,فاراتل,فاراتل  - 29451,403J/01187,84777809.6,8477780.9,94095116.3
408.0,فاکتور فروش,1404/05/22,09/566,آنیک الکترونیک کویر یزد,آنیک الکترونیک کویر یزد - 29457,404J/01193,618582709.6,61858271.0,680440980.6
409.0,فاکتور فروش,1404/05/23,09/090,نیان الکترونیک,نیان الکترونیک - 29470,404J/01200,54997930.0,5499793.0,60497723.0
410.0,فاکتور فروش,1404/05/23,09/090,نیان الکترونیک,نیان الکترونیک - 29472,404J/01200,44793440.0,4479344.0,49272784.0
411.0,فاکتور فروش,1404/05/23,09/113,کاوندیش سیستم,کاوندیش سیستم - 29436,403J/01184,75492176.0,7549217.6,83041393.6
412.0,فاکتور فروش,1404/05/31,09/094,شیوا امواج,شیوا امواج - 29382,403J/01154,880953100.0,88095310.0,969048410.0
413.0,فاکتور فروش,1404/05/31,09/094,شیوا امواج,شیوا امواج - 29384,403J/01154,375504529.5,37550453.0,413054982.5
414.0,فاکتور فروش,1404/05/31,09/094,شیوا امواج,شیوا امواج - 29374,403J/01154,580592066.0,58059206.6,638651272.6
415.0,فاکتور فروش,1404/06/01,09/566,آنیک الکترونیک کویر یزد,آنیک الکترونیک کویر یزد - 29455,404J/01193,352951619.1,35295161.9,388246781.0
416.0,فاکتور فروش,1404/06/01,09/566,آنیک الکترونیک کویر یزد,آنیک الکترونیک کویر یزد - 29482,403J/01186,300413500.0,30041350.0,330454850.0
417.0,فاکتور فروش,1404/06/01,09/566,آنیک الکترونیک کویر یزد,آنیک الکترونیک کویر یزد - 29457,404J/01193,89301140.5,8930114.1,98231254.6
418.0,فاکتور فروش,1404/06/01,09/566,آنیک الکترونیک کویر یزد,آنیک الکترونیک کویر یزد - 29438,403J/01186,3052232.1,305223.2,3357455.3
419.0,فاکتور فروش,1404/06/01,09/090,نیان الکترونیک,نیان الکترونیک - 29475,404J/01201,441925593.8,44192559.4,486118153.2
420.0,فاکتور فروش,1404/06/01,09/090,نیان الکترونیک,نیان الکترونیک - 29473,404J/01201,858518988.0,85851898.8,944370886.8
421.0,فاکتور فروش,1404/06/11,09/090,نیان الکترونیک,نیان الکترونیک - 29475,404J/01201,272484778.2,27248477.8,299733256.0
422.0,فاکتور فروش,1404/06/11,09/552,نیکو الکترونیک پیشرو,,پروژه عمومی,26650000.0,2665000.0,29315000.0
423.0,فاکتور فروش,1404/06/15,09/243,تابا الکترونیک,تابا الکترونیک  - 29479,404J/01204,165850080.0,16585008.0,191717208.0
424.0,فاکتور فروش,1404/06/15,09/593,شرکت به بران تجارت نیکان,به بران تجارت نیکان - ‏_x001F_29249,403J/01128,343487477.9,34348747.8,385519395.7
425.0,فاکتور فروش,1404/06/18,09/243,تابا الکترونیک,تابا الکترونیک  - 29479,404J/01204,537101240.0,53710124.0,594818464.0
426.0,فاکتور فروش,1404/06/24,09/566,آنیک الکترونیک کویر یزد,آنیک الکترونیک کویر یزد - 29459,404J/01193,250517452.0,25051745.2,275569197.2
427.0,فاکتور فروش,1404/06/25,09/243,تابا الکترونیک,تابا الکترونیک  - 29480,404J/01204,625970680.0,62597068.0,688567748.0
428.0,فاکتور فروش,1404/06/25,09/113,کاوندیش سیستم,کاوندیش سیستم - 29453,403J/01192,34175200.0,3417520.0,37592720.0
429.0,فاکتور فروش,1404/06/26,09/038,فاراتل,فاراتل  - 29477,404J/01203,22736155.0,2273615.5,25237132.1
430.0,فاکتور فروش,1404/06/26,09/038,فاراتل,فاراتل  - 29412,403J/01175,148581260.0,14858126.0,164925198.6
431.0,فاکتور فروش,1404/07/06,09/113,کاوندیش سیستم,کاوندیش سیستم - 29487,404J/01209,108537188.0,10853718.8,119390906.8
432.0,فاکتور فروش,1404/07/06,09/113,کاوندیش سیستم,کاوندیش سیستم - 29490,404J/01209,127279977.0,12727997.7,140007974.7
433.0,فاکتور فروش,1404/07/06,09/113,کاوندیش سیستم,کاوندیش سیستم - 29491,404J/01209,124025076.0,12402507.6,136427583.6
434.0,فاکتور فروش,1404/07/06,09/038,فاراتل,فاراتل  - 29476,404J/01202,180329542.7,18032954.3,203231180.5
435.0,فاکتور فروش,1404/07/06,09/038,فاراتل,فاراتل  - 29478,404J/01203,26847075.0,2684707.5,29800253.3
436.0,فاکتور فروش,1404/07/24,09/083,سازه پویش,سازه پویش - 29520,404J/01213,100350000.0,10035000.0,111388500.0
437.0,فاکتور فروش,1404/08/06,09/552,نیکو الکترونیک پیشرو,,پروژه عمومی,11362680000.0,1136268000.0,12500000000.0
438.0,فاکتور فروش,1404/08/06,09/101,افزار آزما,افزار آزما - 29502,404J/01210,90462400.0,9046240.0,99508640.0
439.0,فاکتور فروش,1404/08/10,09/566,آنیک الکترونیک کویر یزد,,پروژه عمومی,4027503000.0,402750300.0,4430253300.0
440.0,فاکتور فروش,1404/08/15,09/566,آنیک الکترونیک کویر یزد,,پروژه عمومی,2667912000.0,266791200.0,2934703200.0
441.0,فاکتور فروش,1404/08/30,09/552,نیکو الکترونیک پیشرو,,پروژه عمومی,17675000.0,1767500.0,19442500.0
442.0,فاکتور فروش,1404/09/03,09/552,نیکو الکترونیک پیشرو,,پروژه عمومی,977315000.0,97731500.0,1075046500.0
443.0,فاکتور فروش,1404/09/04,09/552,نیکو الکترونیک پیشرو,نیکو الکترونیک پیشرو - 3502,پروژه عمومی,1062100000.0,106210000.0,1177980000.0
444.0,فاکتور فروش,1404/09/15,09/566,آنیک الکترونیک کویر یزد,,پروژه عمومی,3224274000.0,322427400.0,3546701400.0
445.0,فاکتور فروش,1404/09/20,09/566,آنیک الکترونیک کویر یزد,,پروژه عمومی,3177112000.0,317711200.0,3494823200.0
446.0,فاکتور فروش,1404/09/30,09/552,نیکو الکترونیک پیشرو,,پروژه عمومی,20157000.0,2015700.0,22172700.0
447.0,فاکتور فروش,1404/10/04,09/552,نیکو الکترونیک پیشرو,مهرصنعت دیار نون - 3503,404N/06/052,7808160000.0,780816000.0,8588976000.0
448.0,فاکتور فروش,1404/10/18,09/038,فاراتل,فاراتل  - 29476,404J/01202,306538807.3,30653880.7,337192688.0
451.0,فاکتور فروش,1404/10/30,09/742,شرکت مهندسی الکا آریا,,پروژه عمومی,3759210000.0,375921000.0,4135131000.0
,,,,,,,0.0,0.0,0.0
